tid,attribute,correct_val
0,Age,31-50
0,Workclass,Private
0,Education,Some-college
0,Maritalstatus,Married-civ-spouse
0,Occupation,Craft-repair
0,Relationship,Husband
0,Race,White
0,Sex,Male
0,HoursPerWeek,40
0,Country,United-States
0,Income,LessThan50K
1,Age,>50
1,Workclass,Federal-gov
1,Education,Some-college
1,Maritalstatus,Never-married
1,Occupation,Exec-managerial
1,Relationship,Own-child
1,Race,Black
1,Sex,Female
1,HoursPerWeek,40
1,Country,United-States
1,Income,LessThan50K
2,Age,31-50
2,Workclass,Private
2,Education,Bachelors
2,Maritalstatus,Married-civ-spouse
2,Occupation,Sales
2,Relationship,Husband
2,Race,White
2,Sex,Male
2,HoursPerWeek,50
2,Country,United-States
2,Income,LessThan50K
3,Age,22-30
3,Workclass,Self-emp-inc
3,Education,HS-grad
3,Maritalstatus,Never-married
3,Occupation,Craft-repair
3,Relationship,Own-child
3,Race,White
3,Sex,Male
3,HoursPerWeek,40
3,Country,United-States
3,Income,LessThan50K
4,Age,22-30
4,Workclass,Private
4,Education,HS-grad
4,Maritalstatus,Married-civ-spouse
4,Occupation,Farming-fishing
4,Relationship,Husband
4,Race,White
4,Sex,Female
4,HoursPerWeek,40
4,Country,United-States
4,Income,LessThan50K
5,Age,31-50
5,Workclass,Private
5,Education,Some-college
5,Maritalstatus,Married-civ-spouse
5,Occupation,Craft-repair
5,Relationship,Husband
5,Race,White
5,Sex,Male
5,HoursPerWeek,40
5,Country,United-States
5,Income,LessThan50K
6,Age,31-50
6,Workclass,Private
6,Education,HS-grad
6,Maritalstatus,Never-married
6,Occupation,Prof-specialty
6,Relationship,Not-in-family
6,Race,White
6,Sex,Female
6,HoursPerWeek,30
6,Country,United-States
6,Income,LessThan50K
7,Age,31-50
7,Workclass,State-gov
7,Education,Prof-school
7,Maritalstatus,Married-civ-spouse
7,Occupation,Prof-specialty
7,Relationship,Husband
7,Race,Asian-Pac-Islander
7,Sex,Male
7,HoursPerWeek,72
7,Country,India
7,Income,MoreThan50K
8,Age,18-21
8,Workclass,Self-emp-not-inc
8,Education,Some-college
8,Maritalstatus,Never-married
8,Occupation,Adm-clerical
8,Relationship,Own-child
8,Race,White
8,Sex,Female
8,HoursPerWeek,15
8,Country,United-States
8,Income,LessThan50K
9,Age,>50
9,Workclass,Private
9,Education,HS-grad
9,Maritalstatus,Married-civ-spouse
9,Occupation,Farming-fishing
9,Relationship,Husband
9,Race,White
9,Sex,Male
9,HoursPerWeek,50
9,Country,United-States
9,Income,LessThan50K
10,Age,>50
10,Workclass,Private
10,Education,Assoc-voc
10,Maritalstatus,Married-civ-spouse
10,Occupation,Prof-specialty
10,Relationship,Husband
10,Race,White
10,Sex,Male
10,HoursPerWeek,45
10,Country,United-States
10,Income,LessThan50K
11,Age,>50
11,Workclass,Private
11,Education,HS-grad
11,Maritalstatus,Married-civ-spouse
11,Occupation,Sales
11,Relationship,Husband
11,Race,White
11,Sex,Female
11,HoursPerWeek,48
11,Country,United-States
11,Income,MoreThan50K
12,Age,31-50
12,Workclass,Private
12,Education,Bachelors
12,Maritalstatus,Married-civ-spouse
12,Occupation,Exec-managerial
12,Relationship,Husband
12,Race,White
12,Sex,Male
12,HoursPerWeek,50
12,Country,United-States
12,Income,MoreThan50K
13,Age,22-30
13,Workclass,Private
13,Education,HS-grad
13,Maritalstatus,Never-married
13,Occupation,Craft-repair
13,Relationship,Not-in-family
13,Race,White
13,Sex,Male
13,HoursPerWeek,40
13,Country,United-States
13,Income,LessThan50K
14,Age,31-50
14,Workclass,Local-gov
14,Education,Assoc-acdm
14,Maritalstatus,Divorced
14,Occupation,Exec-managerial
14,Relationship,Unmarried
14,Race,White
14,Sex,Male
14,HoursPerWeek,47
14,Country,United-States
14,Income,LessThan50K
15,Age,22-30
15,Workclass,Private
15,Education,Some-college
15,Maritalstatus,Never-married
15,Occupation,Sales
15,Relationship,Own-child
15,Race,White
15,Sex,Male
15,HoursPerWeek,18-21
15,Country,United-States
15,Income,LessThan50K
16,Age,>50
16,Workclass,Private
16,Education,Some-college
16,Maritalstatus,Divorced
16,Occupation,Exec-managerial
16,Relationship,Unmarried
16,Race,Black
16,Sex,Female
16,HoursPerWeek,50
16,Country,United-States
16,Income,LessThan50K
17,Age,31-50
17,Workclass,Private
17,Education,HS-grad
17,Maritalstatus,Divorced
17,Occupation,Adm-clerical
17,Relationship,Not-in-family
17,Race,White
17,Sex,Female
17,HoursPerWeek,45
17,Country,United-States
17,Income,LessThan50K
18,Age,31-50
18,Workclass,Private
18,Education,10th
18,Maritalstatus,Married-civ-spouse
18,Occupation,Handlers-cleaners
18,Relationship,Husband
18,Race,White
18,Sex,Male
18,HoursPerWeek,45
18,Country,United-States
18,Income,LessThan50K
19,Age,31-50
19,Workclass,Private
19,Education,HS-grad
19,Maritalstatus,Married-civ-spouse
19,Occupation,Sales
19,Relationship,Husband
19,Race,Asian-Pac-Islander
19,Sex,Male
19,HoursPerWeek,50
19,Country,Iran
19,Income,MoreThan50K
20,Age,22-30
20,Workclass,Private
20,Education,Some-college
20,Maritalstatus,Never-married
20,Occupation,Other-service
20,Relationship,Not-in-family
20,Race,White
20,Sex,Male
20,HoursPerWeek,30
20,Country,United-States
20,Income,LessThan50K
21,Age,22-30
21,Workclass,Private
21,Education,HS-grad
21,Maritalstatus,Married-civ-spouse
21,Occupation,Craft-repair
21,Relationship,Wife
21,Race,White
21,Sex,Female
21,HoursPerWeek,36
21,Country,United-States
21,Income,LessThan50K
22,Age,22-30
22,Workclass,Private
22,Education,HS-grad
22,Maritalstatus,Never-married
22,Occupation,Machine-op-inspct
22,Relationship,Unmarried
22,Race,White
22,Sex,Female
22,HoursPerWeek,40
22,Country,United-States
22,Income,LessThan50K
23,Age,31-50
23,Workclass,Private
23,Education,HS-grad
23,Maritalstatus,Married-civ-spouse
23,Occupation,Craft-repair
23,Relationship,Husband
23,Race,White
23,Sex,Male
23,HoursPerWeek,40
23,Country,United-States
23,Income,LessThan50K
24,Age,31-50
24,Workclass,Self-emp-inc
24,Education,HS-grad
24,Maritalstatus,Married-civ-spouse
24,Occupation,Sales
24,Relationship,Husband
24,Race,Black
24,Sex,Male
24,HoursPerWeek,60
24,Country,United-States
24,Income,LessThan50K
25,Age,>50
25,Workclass,Private
25,Education,10th
25,Maritalstatus,Widowed
25,Occupation,Machine-op-inspct
25,Relationship,Unmarried
25,Race,Black
25,Sex,Female
25,HoursPerWeek,40
25,Country,United-States
25,Income,LessThan50K
26,Age,18-21
26,Workclass,Private
26,Education,HS-grad
26,Maritalstatus,Never-married
26,Occupation,Adm-clerical
26,Relationship,Husband
26,Race,White
26,Sex,Female
26,HoursPerWeek,40
26,Country,United-States
26,Income,LessThan50K
27,Age,18-21
27,Workclass,Private
27,Education,HS-grad
27,Maritalstatus,Never-married
27,Occupation,Adm-clerical
27,Relationship,Own-child
27,Race,Other
27,Sex,Female
27,HoursPerWeek,25
27,Country,Puerto-Rico
27,Income,LessThan50K
28,Age,18-21
28,Workclass,Private
28,Education,HS-grad
28,Maritalstatus,Never-married
28,Occupation,Machine-op-inspct
28,Relationship,Own-child
28,Race,White
28,Sex,Male
28,HoursPerWeek,40
28,Country,United-States
28,Income,LessThan50K
29,Age,31-50
29,Workclass,Self-emp-inc
29,Education,Masters
29,Maritalstatus,Divorced
29,Occupation,Prof-specialty
29,Relationship,Unmarried
29,Race,White
29,Sex,Male
29,HoursPerWeek,80
29,Country,Mexico
29,Income,MoreThan50K
30,Age,31-50
30,Workclass,Self-emp-not-inc
30,Education,HS-grad
30,Maritalstatus,Never-married
30,Occupation,Other-service
30,Relationship,Unmarried
30,Race,White
30,Sex,Female
30,HoursPerWeek,5
30,Country,Canada
30,Income,LessThan50K
31,Age,31-50
31,Workclass,Private
31,Education,HS-grad
31,Maritalstatus,Married-civ-spouse
31,Occupation,Craft-repair
31,Relationship,Husband
31,Race,White
31,Sex,Male
31,HoursPerWeek,30
31,Country,United-States
31,Income,LessThan50K
32,Age,31-50
32,Workclass,Private
32,Education,Masters
32,Maritalstatus,Married-civ-spouse
32,Occupation,Sales
32,Relationship,Husband
32,Race,White
32,Sex,Male
32,HoursPerWeek,55
32,Country,United-States
32,Income,MoreThan50K
33,Age,31-50
33,Workclass,Private
33,Education,HS-grad
33,Maritalstatus,Divorced
33,Occupation,Machine-op-inspct
33,Relationship,Not-in-family
33,Race,White
33,Sex,Male
33,HoursPerWeek,40
33,Country,United-States
33,Income,LessThan50K
34,Age,31-50
34,Workclass,?
34,Education,5th-6th
34,Maritalstatus,Divorced
34,Occupation,?
34,Relationship,Not-in-family
34,Race,White
34,Sex,Male
34,HoursPerWeek,99
34,Country,United-States
34,Income,LessThan50K
35,Age,31-50
35,Workclass,Private
35,Education,HS-grad
35,Maritalstatus,Never-married
35,Occupation,Handlers-cleaners
35,Relationship,Own-child
35,Race,White
35,Sex,Male
35,HoursPerWeek,40
35,Country,Germany
35,Income,LessThan50K
36,Age,22-30
36,Workclass,Private
36,Education,Bachelors
36,Maritalstatus,Never-married
36,Occupation,Adm-clerical
36,Relationship,Own-child
36,Race,White
36,Sex,Female
36,HoursPerWeek,60
36,Country,United-States
36,Income,LessThan50K
37,Age,>50
37,Workclass,Self-emp-not-inc
37,Education,HS-grad
37,Maritalstatus,Married-civ-spouse
37,Occupation,Farming-fishing
37,Relationship,Husband
37,Race,White
37,Sex,Male
37,HoursPerWeek,30
37,Country,United-States
37,Income,LessThan50K
38,Age,22-30
38,Workclass,Private
38,Education,HS-grad
38,Maritalstatus,Married-civ-spouse
38,Occupation,Craft-repair
38,Relationship,Husband
38,Race,White
38,Sex,Male
38,HoursPerWeek,40
38,Country,United-States
38,Income,LessThan50K
39,Age,>50
39,Workclass,Private
39,Education,Masters
39,Maritalstatus,Married-civ-spouse
39,Occupation,Adm-clerical
39,Relationship,Wife
39,Race,White
39,Sex,Female
39,HoursPerWeek,40
39,Country,United-States
39,Income,MoreThan50K
40,Age,22-30
40,Workclass,Private
40,Education,Bachelors
40,Maritalstatus,Never-married
40,Occupation,Sales
40,Relationship,Not-in-family
40,Race,White
40,Sex,Female
40,HoursPerWeek,40
40,Country,United-States
40,Income,LessThan50K
41,Age,>50
41,Workclass,Self-emp-not-inc
41,Education,Prof-school
41,Maritalstatus,Married-civ-spouse
41,Occupation,Prof-specialty
41,Relationship,Husband
41,Race,White
41,Sex,Male
41,HoursPerWeek,38
41,Country,United-States
41,Income,MoreThan50K
42,Age,22-30
42,Workclass,Private
42,Education,Bachelors
42,Maritalstatus,Never-married
42,Occupation,Sales
42,Relationship,Not-in-family
42,Race,White
42,Sex,Female
42,HoursPerWeek,60
42,Country,United-States
42,Income,LessThan50K
43,Age,>50
43,Workclass,Private
43,Education,HS-grad
43,Maritalstatus,Divorced
43,Occupation,Craft-repair
43,Relationship,Unmarried
43,Race,Black
43,Sex,Male
43,HoursPerWeek,48
43,Country,United-States
43,Income,MoreThan50K
44,Age,31-50
44,Workclass,Federal-gov
44,Education,Prof-school
44,Maritalstatus,Married-civ-spouse
44,Occupation,Prof-specialty
44,Relationship,Husband
44,Race,Asian-Pac-Islander
44,Sex,Male
44,HoursPerWeek,55
44,Country,?
44,Income,MoreThan50K
45,Age,18-21
45,Workclass,Private
45,Education,Some-college
45,Maritalstatus,Never-married
45,Occupation,Sales
45,Relationship,Own-child
45,Race,White
45,Sex,Female
45,HoursPerWeek,38
45,Country,United-States
45,Income,LessThan50K
46,Age,22-30
46,Workclass,Private
46,Education,12th
46,Maritalstatus,Never-married
46,Occupation,Other-service
46,Relationship,Unmarried
46,Race,Black
46,Sex,Male
46,HoursPerWeek,38
46,Country,United-States
46,Income,LessThan50K
47,Age,22-30
47,Workclass,Private
47,Education,Prof-school
47,Maritalstatus,Married-civ-spouse
47,Occupation,Prof-specialty
47,Relationship,Husband
47,Race,White
47,Sex,Male
47,HoursPerWeek,60
47,Country,United-States
47,Income,MoreThan50K
48,Age,31-50
48,Workclass,Private
48,Education,Some-college
48,Maritalstatus,Married-civ-spouse
48,Occupation,Machine-op-inspct
48,Relationship,Husband
48,Race,White
48,Sex,Male
48,HoursPerWeek,50
48,Country,United-States
48,Income,LessThan50K
49,Age,31-50
49,Workclass,Private
49,Education,Bachelors
49,Maritalstatus,Married-civ-spouse
49,Occupation,Sales
49,Relationship,Husband
49,Race,White
49,Sex,Male
49,HoursPerWeek,60
49,Country,United-States
49,Income,MoreThan50K
50,Age,31-50
50,Workclass,Federal-gov
50,Education,Bachelors
50,Maritalstatus,Married-civ-spouse
50,Occupation,Exec-managerial
50,Relationship,Husband
50,Race,White
50,Sex,Male
50,HoursPerWeek,40
50,Country,United-States
50,Income,LessThan50K
51,Age,<18
51,Workclass,Private
51,Education,11th
51,Maritalstatus,Never-married
51,Occupation,Handlers-cleaners
51,Relationship,Own-child
51,Race,White
51,Sex,Male
51,HoursPerWeek,30
51,Country,United-States
51,Income,LessThan50K
52,Age,>50
52,Workclass,Self-emp-not-inc
52,Education,HS-grad
52,Maritalstatus,Married-civ-spouse
52,Occupation,Farming-fishing
52,Relationship,Husband
52,Race,White
52,Sex,Male
52,HoursPerWeek,18-21
52,Country,United-States
52,Income,LessThan50K
53,Age,31-50
53,Workclass,Federal-gov
53,Education,Assoc-voc
53,Maritalstatus,Divorced
53,Occupation,Exec-managerial
53,Relationship,Unmarried
53,Race,Black
53,Sex,Female
53,HoursPerWeek,45
53,Country,United-States
53,Income,LessThan50K
54,Age,>50
54,Workclass,?
54,Education,Assoc-acdm
54,Maritalstatus,Divorced
54,Occupation,?
54,Relationship,Unmarried
54,Race,White
54,Sex,Female
54,HoursPerWeek,1
54,Country,United-States
54,Income,LessThan50K
55,Age,31-50
55,Workclass,Private
55,Education,HS-grad
55,Maritalstatus,Never-married
55,Occupation,Craft-repair
55,Relationship,Own-child
55,Race,White
55,Sex,Male
55,HoursPerWeek,50
55,Country,United-States
55,Income,LessThan50K
56,Age,>50
56,Workclass,Private
56,Education,HS-grad
56,Maritalstatus,Married-civ-spouse
56,Occupation,Handlers-cleaners
56,Relationship,Husband
56,Race,Black
56,Sex,Male
56,HoursPerWeek,40
56,Country,United-States
56,Income,MoreThan50K
57,Age,18-21
57,Workclass,Private
57,Education,10th
57,Maritalstatus,Never-married
57,Occupation,Other-service
57,Relationship,Not-in-family
57,Race,Black
57,Sex,Male
57,HoursPerWeek,18-21
57,Country,United-States
57,Income,LessThan50K
58,Age,>50
58,Workclass,Private
58,Education,Some-college
58,Maritalstatus,Widowed
58,Occupation,Transport-moving
58,Relationship,Not-in-family
58,Race,White
58,Sex,Male
58,HoursPerWeek,28
58,Country,United-States
58,Income,LessThan50K
59,Age,31-50
59,Workclass,Private
59,Education,Assoc-voc
59,Maritalstatus,Married-civ-spouse
59,Occupation,Craft-repair
59,Relationship,Husband
59,Race,White
59,Sex,Male
59,HoursPerWeek,40
59,Country,United-States
59,Income,MoreThan50K
60,Age,>50
60,Workclass,Self-emp-not-inc
60,Education,HS-grad
60,Maritalstatus,Widowed
60,Occupation,Other-service
60,Relationship,Other-relative
60,Race,White
60,Sex,Female
60,HoursPerWeek,40
60,Country,United-States
60,Income,LessThan50K
61,Age,22-30
61,Workclass,Private
61,Education,Bachelors
61,Maritalstatus,Never-married
61,Occupation,Exec-managerial
61,Relationship,Not-in-family
61,Race,White
61,Sex,Female
61,HoursPerWeek,40
61,Country,United-States
61,Income,LessThan50K
62,Age,31-50
62,Workclass,Private
62,Education,HS-grad
62,Maritalstatus,Divorced
62,Occupation,Priv-house-serv
62,Relationship,Unmarried
62,Race,White
62,Sex,Female
62,HoursPerWeek,60
62,Country,Columbia
62,Income,LessThan50K
63,Age,22-30
63,Workclass,Private
63,Education,HS-grad
63,Maritalstatus,Never-married
63,Occupation,Sales
63,Relationship,Not-in-family
63,Race,White
63,Sex,Male
63,HoursPerWeek,40
63,Country,United-States
63,Income,LessThan50K
64,Age,31-50
64,Workclass,Private
64,Education,Some-college
64,Maritalstatus,Divorced
64,Occupation,Other-service
64,Relationship,Unmarried
64,Race,White
64,Sex,Female
64,HoursPerWeek,25
64,Country,United-States
64,Income,LessThan50K
65,Age,31-50
65,Workclass,Private
65,Education,HS-grad
65,Maritalstatus,Divorced
65,Occupation,Transport-moving
65,Relationship,Not-in-family
65,Race,White
65,Sex,Male
65,HoursPerWeek,40
65,Country,United-States
65,Income,LessThan50K
66,Age,22-30
66,Workclass,Private
66,Education,HS-grad
66,Maritalstatus,Married-civ-spouse
66,Occupation,Craft-repair
66,Relationship,Husband
66,Race,White
66,Sex,Male
66,HoursPerWeek,40
66,Country,United-States
66,Income,LessThan50K
67,Age,31-50
67,Workclass,Private
67,Education,HS-grad
67,Maritalstatus,Married-civ-spouse
67,Occupation,Machine-op-inspct
67,Relationship,Husband
67,Race,White
67,Sex,Male
67,HoursPerWeek,40
67,Country,Mexico
67,Income,LessThan50K
68,Age,31-50
68,Workclass,Private
68,Education,HS-grad
68,Maritalstatus,Never-married
68,Occupation,Transport-moving
68,Relationship,Not-in-family
68,Race,White
68,Sex,Male
68,HoursPerWeek,40
68,Country,United-States
68,Income,LessThan50K
69,Age,31-50
69,Workclass,Private
69,Education,Some-college
69,Maritalstatus,Married-civ-spouse
69,Occupation,Transport-moving
69,Relationship,Husband
69,Race,White
69,Sex,Male
69,HoursPerWeek,58
69,Country,United-States
69,Income,LessThan50K
70,Age,31-50
70,Workclass,Local-gov
70,Education,Assoc-acdm
70,Maritalstatus,Married-civ-spouse
70,Occupation,Protective-serv
70,Relationship,Husband
70,Race,White
70,Sex,Male
70,HoursPerWeek,52
70,Country,United-States
70,Income,LessThan50K
71,Age,31-50
71,Workclass,Private
71,Education,HS-grad
71,Maritalstatus,Married-civ-spouse
71,Occupation,Craft-repair
71,Relationship,Husband
71,Race,White
71,Sex,Male
71,HoursPerWeek,50
71,Country,United-States
71,Income,MoreThan50K
72,Age,>50
72,Workclass,Private
72,Education,Bachelors
72,Maritalstatus,Married-civ-spouse
72,Occupation,Tech-support
72,Relationship,Husband
72,Race,White
72,Sex,Male
72,HoursPerWeek,38
72,Country,United-States
72,Income,LessThan50K
73,Age,22-30
73,Workclass,?
73,Education,10th
73,Maritalstatus,Never-married
73,Occupation,?
73,Relationship,Own-child
73,Race,Black
73,Sex,Male
73,HoursPerWeek,40
73,Country,United-States
73,Income,LessThan50K
74,Age,>50
74,Workclass,Federal-gov
74,Education,Some-college
74,Maritalstatus,Divorced
74,Occupation,Other-service
74,Relationship,Not-in-family
74,Race,White
74,Sex,Male
74,HoursPerWeek,40
74,Country,United-States
74,Income,LessThan50K
75,Age,18-21
75,Workclass,Private
75,Education,Some-college
75,Maritalstatus,Never-married
75,Occupation,Machine-op-inspct
75,Relationship,Own-child
75,Race,White
75,Sex,Male
75,HoursPerWeek,40
75,Country,United-States
75,Income,LessThan50K
76,Age,22-30
76,Workclass,Private
76,Education,Bachelors
76,Maritalstatus,Never-married
76,Occupation,Adm-clerical
76,Relationship,Own-child
76,Race,White
76,Sex,Female
76,HoursPerWeek,25
76,Country,United-States
76,Income,LessThan50K
77,Age,31-50
77,Workclass,Private
77,Education,Bachelors
77,Maritalstatus,Married-civ-spouse
77,Occupation,Prof-specialty
77,Relationship,Husband
77,Race,White
77,Sex,Male
77,HoursPerWeek,40
77,Country,?
77,Income,MoreThan50K
78,Age,31-50
78,Workclass,Federal-gov
78,Education,Some-college
78,Maritalstatus,Married-civ-spouse
78,Occupation,Other-service
78,Relationship,Husband
78,Race,White
78,Sex,Male
78,HoursPerWeek,40
78,Country,United-States
78,Income,LessThan50K
79,Age,>50
79,Workclass,Private
79,Education,Some-college
79,Maritalstatus,Married-civ-spouse
79,Occupation,Craft-repair
79,Relationship,Husband
79,Race,White
79,Sex,Male
79,HoursPerWeek,40
79,Country,United-States
79,Income,MoreThan50K
80,Age,31-50
80,Workclass,Private
80,Education,HS-grad
80,Maritalstatus,Married-civ-spouse
80,Occupation,Handlers-cleaners
80,Relationship,Husband
80,Race,White
80,Sex,Male
80,HoursPerWeek,40
80,Country,United-States
80,Income,LessThan50K
81,Age,31-50
81,Workclass,Self-emp-not-inc
81,Education,HS-grad
81,Maritalstatus,Married-civ-spouse
81,Occupation,Craft-repair
81,Relationship,Husband
81,Race,White
81,Sex,Male
81,HoursPerWeek,45
81,Country,United-States
81,Income,MoreThan50K
82,Age,31-50
82,Workclass,Private
82,Education,Masters
82,Maritalstatus,Never-married
82,Occupation,Sales
82,Relationship,Not-in-family
82,Race,White
82,Sex,Male
82,HoursPerWeek,50
82,Country,United-States
82,Income,MoreThan50K
83,Age,31-50
83,Workclass,Private
83,Education,HS-grad
83,Maritalstatus,Married-civ-spouse
83,Occupation,Transport-moving
83,Relationship,Husband
83,Race,White
83,Sex,Male
83,HoursPerWeek,40
83,Country,United-States
83,Income,LessThan50K
84,Age,31-50
84,Workclass,Private
84,Education,Bachelors
84,Maritalstatus,Married-civ-spouse
84,Occupation,Prof-specialty
84,Relationship,Husband
84,Race,White
84,Sex,Male
84,HoursPerWeek,50
84,Country,Italy
84,Income,MoreThan50K
85,Age,>50
85,Workclass,?
85,Education,HS-grad
85,Maritalstatus,Married-civ-spouse
85,Occupation,?
85,Relationship,Husband
85,Race,White
85,Sex,Male
85,HoursPerWeek,40
85,Country,United-States
85,Income,LessThan50K
86,Age,31-50
86,Workclass,Private
86,Education,HS-grad
86,Maritalstatus,Married-civ-spouse
86,Occupation,Tech-support
86,Relationship,Husband
86,Race,White
86,Sex,Male
86,HoursPerWeek,40
86,Country,United-States
86,Income,MoreThan50K
87,Age,31-50
87,Workclass,Private
87,Education,HS-grad
87,Maritalstatus,Widowed
87,Occupation,Machine-op-inspct
87,Relationship,Not-in-family
87,Race,Black
87,Sex,Female
87,HoursPerWeek,40
87,Country,United-States
87,Income,LessThan50K
88,Age,>50
88,Workclass,Private
88,Education,11th
88,Maritalstatus,Widowed
88,Occupation,Handlers-cleaners
88,Relationship,Not-in-family
88,Race,Black
88,Sex,Female
88,HoursPerWeek,40
88,Country,United-States
88,Income,LessThan50K
89,Age,31-50
89,Workclass,Private
89,Education,HS-grad
89,Maritalstatus,Married-civ-spouse
89,Occupation,Transport-moving
89,Relationship,Husband
89,Race,White
89,Sex,Male
89,HoursPerWeek,70
89,Country,United-States
89,Income,LessThan50K
90,Age,31-50
90,Workclass,Private
90,Education,Some-college
90,Maritalstatus,Divorced
90,Occupation,Machine-op-inspct
90,Relationship,Not-in-family
90,Race,Black
90,Sex,Female
90,HoursPerWeek,40
90,Country,United-States
90,Income,LessThan50K
91,Age,22-30
91,Workclass,Local-gov
91,Education,Bachelors
91,Maritalstatus,Married-civ-spouse
91,Occupation,Prof-specialty
91,Relationship,Husband
91,Race,White
91,Sex,Male
91,HoursPerWeek,40
91,Country,United-States
91,Income,MoreThan50K
92,Age,31-50
92,Workclass,Private
92,Education,HS-grad
92,Maritalstatus,Married-civ-spouse
92,Occupation,Transport-moving
92,Relationship,Husband
92,Race,White
92,Sex,Male
92,HoursPerWeek,40
92,Country,United-States
92,Income,LessThan50K
93,Age,31-50
93,Workclass,Private
93,Education,Some-college
93,Maritalstatus,Divorced
93,Occupation,Other-service
93,Relationship,Own-child
93,Race,White
93,Sex,Female
93,HoursPerWeek,35
93,Country,United-States
93,Income,LessThan50K
94,Age,31-50
94,Workclass,Self-emp-not-inc
94,Education,Some-college
94,Maritalstatus,Married-civ-spouse
94,Occupation,Prof-specialty
94,Relationship,Husband
94,Race,White
94,Sex,Male
94,HoursPerWeek,45
94,Country,United-States
94,Income,LessThan50K
95,Age,22-30
95,Workclass,Private
95,Education,Some-college
95,Maritalstatus,Never-married
95,Occupation,Other-service
95,Relationship,Own-child
95,Race,White
95,Sex,Female
95,HoursPerWeek,35
95,Country,United-States
95,Income,LessThan50K
96,Age,31-50
96,Workclass,Private
96,Education,HS-grad
96,Maritalstatus,Married-civ-spouse
96,Occupation,Machine-op-inspct
96,Relationship,Husband
96,Race,White
96,Sex,Male
96,HoursPerWeek,40
96,Country,United-States
96,Income,LessThan50K
97,Age,22-30
97,Workclass,Private
97,Education,Assoc-acdm
97,Maritalstatus,Married-civ-spouse
97,Occupation,Prof-specialty
97,Relationship,Wife
97,Race,White
97,Sex,Female
97,HoursPerWeek,75
97,Country,United-States
97,Income,LessThan50K
98,Age,>50
98,Workclass,Private
98,Education,HS-grad
98,Maritalstatus,Married-civ-spouse
98,Occupation,Craft-repair
98,Relationship,Husband
98,Race,White
98,Sex,Male
98,HoursPerWeek,40
98,Country,United-States
98,Income,MoreThan50K
99,Age,31-50
99,Workclass,Private
99,Education,HS-grad
99,Maritalstatus,Divorced
99,Occupation,Sales
99,Relationship,Unmarried
99,Race,White
99,Sex,Female
99,HoursPerWeek,45
99,Country,United-States
99,Income,LessThan50K
100,Age,31-50
100,Workclass,Private
100,Education,Bachelors
100,Maritalstatus,Married-civ-spouse
100,Occupation,Exec-managerial
100,Relationship,Wife
100,Race,White
100,Sex,Female
100,HoursPerWeek,40
100,Country,United-States
100,Income,MoreThan50K
101,Age,18-21
101,Workclass,?
101,Education,Some-college
101,Maritalstatus,Never-married
101,Occupation,?
101,Relationship,Own-child
101,Race,White
101,Sex,Female
101,HoursPerWeek,40
101,Country,United-States
101,Income,LessThan50K
102,Age,31-50
102,Workclass,Self-emp-not-inc
102,Education,Bachelors
102,Maritalstatus,Married-civ-spouse
102,Occupation,Other-service
102,Relationship,Husband
102,Race,White
102,Sex,Male
102,HoursPerWeek,60
102,Country,United-States
102,Income,LessThan50K
103,Age,22-30
103,Workclass,Private
103,Education,Some-college
103,Maritalstatus,Married-civ-spouse
103,Occupation,Craft-repair
103,Relationship,Husband
103,Race,White
103,Sex,Male
103,HoursPerWeek,40
103,Country,United-States
103,Income,LessThan50K
104,Age,31-50
104,Workclass,Private
104,Education,Assoc-voc
104,Maritalstatus,Married-civ-spouse
104,Occupation,Exec-managerial
104,Relationship,Husband
104,Race,White
104,Sex,Male
104,HoursPerWeek,50
104,Country,United-States
104,Income,MoreThan50K
105,Age,>50
105,Workclass,Self-emp-inc
105,Education,Doctorate
105,Maritalstatus,Married-civ-spouse
105,Occupation,Exec-managerial
105,Relationship,Husband
105,Race,White
105,Sex,Male
105,HoursPerWeek,40
105,Country,United-States
105,Income,MoreThan50K
106,Age,18-21
106,Workclass,Private
106,Education,HS-grad
106,Maritalstatus,Never-married
106,Occupation,Sales
106,Relationship,Own-child
106,Race,White
106,Sex,Female
106,HoursPerWeek,25
106,Country,Mexico
106,Income,LessThan50K
107,Age,22-30
107,Workclass,State-gov
107,Education,Masters
107,Maritalstatus,Married-civ-spouse
107,Occupation,Prof-specialty
107,Relationship,Wife
107,Race,White
107,Sex,Female
107,HoursPerWeek,50
107,Country,United-States
107,Income,MoreThan50K
108,Age,22-30
108,Workclass,Local-gov
108,Education,12th
108,Maritalstatus,Married-civ-spouse
108,Occupation,Adm-clerical
108,Relationship,Wife
108,Race,White
108,Sex,Female
108,HoursPerWeek,40
108,Country,United-States
108,Income,LessThan50K
109,Age,31-50
109,Workclass,Private
109,Education,Bachelors
109,Maritalstatus,Never-married
109,Occupation,Exec-managerial
109,Relationship,Not-in-family
109,Race,White
109,Sex,Female
109,HoursPerWeek,50
109,Country,United-States
109,Income,MoreThan50K
110,Age,18-21
110,Workclass,Private
110,Education,Some-college
110,Maritalstatus,Never-married
110,Occupation,Other-service
110,Relationship,Own-child
110,Race,White
110,Sex,Female
110,HoursPerWeek,40
110,Country,United-States
110,Income,LessThan50K
111,Age,>50
111,Workclass,Private
111,Education,Some-college
111,Maritalstatus,Married-civ-spouse
111,Occupation,Exec-managerial
111,Relationship,Husband
111,Race,White
111,Sex,Male
111,HoursPerWeek,50
111,Country,United-States
111,Income,MoreThan50K
112,Age,22-30
112,Workclass,Private
112,Education,HS-grad
112,Maritalstatus,Never-married
112,Occupation,Craft-repair
112,Relationship,Not-in-family
112,Race,White
112,Sex,Male
112,HoursPerWeek,50
112,Country,United-States
112,Income,LessThan50K
113,Age,18-21
113,Workclass,Private
113,Education,HS-grad
113,Maritalstatus,Never-married
113,Occupation,Other-service
113,Relationship,Own-child
113,Race,Asian-Pac-Islander
113,Sex,Female
113,HoursPerWeek,18-21
113,Country,United-States
113,Income,LessThan50K
114,Age,>50
114,Workclass,Private
114,Education,Some-college
114,Maritalstatus,Widowed
114,Occupation,Exec-managerial
114,Relationship,Not-in-family
114,Race,White
114,Sex,Male
114,HoursPerWeek,60
114,Country,United-States
114,Income,LessThan50K
115,Age,31-50
115,Workclass,Private
115,Education,HS-grad
115,Maritalstatus,Divorced
115,Occupation,Exec-managerial
115,Relationship,Not-in-family
115,Race,White
115,Sex,Female
115,HoursPerWeek,40
115,Country,United-States
115,Income,LessThan50K
116,Age,22-30
116,Workclass,Private
116,Education,Bachelors
116,Maritalstatus,Married-civ-spouse
116,Occupation,Exec-managerial
116,Relationship,Husband
116,Race,White
116,Sex,Male
116,HoursPerWeek,55
116,Country,United-States
116,Income,LessThan50K
117,Age,22-30
117,Workclass,Federal-gov
117,Education,Bachelors
117,Maritalstatus,Never-married
117,Occupation,Prof-specialty
117,Relationship,Not-in-family
117,Race,White
117,Sex,Male
117,HoursPerWeek,40
117,Country,United-States
117,Income,MoreThan50K
118,Age,31-50
118,Workclass,Private
118,Education,HS-grad
118,Maritalstatus,Married-civ-spouse
118,Occupation,Craft-repair
118,Relationship,Husband
118,Race,White
118,Sex,Male
118,HoursPerWeek,56
118,Country,United-States
118,Income,MoreThan50K
119,Age,18-21
119,Workclass,Private
119,Education,1st-4th
119,Maritalstatus,Never-married
119,Occupation,Handlers-cleaners
119,Relationship,Not-in-family
119,Race,White
119,Sex,Male
119,HoursPerWeek,55
119,Country,Mexico
119,Income,LessThan50K
120,Age,31-50
120,Workclass,Private
120,Education,Some-college
120,Maritalstatus,Divorced
120,Occupation,Adm-clerical
120,Relationship,Unmarried
120,Race,White
120,Sex,Female
120,HoursPerWeek,12
120,Country,United-States
120,Income,LessThan50K
121,Age,31-50
121,Workclass,State-gov
121,Education,Masters
121,Maritalstatus,Divorced
121,Occupation,Prof-specialty
121,Relationship,Unmarried
121,Race,White
121,Sex,Female
121,HoursPerWeek,35
121,Country,United-States
121,Income,LessThan50K
122,Age,18-21
122,Workclass,Private
122,Education,Some-college
122,Maritalstatus,Never-married
122,Occupation,Craft-repair
122,Relationship,Not-in-family
122,Race,White
122,Sex,Male
122,HoursPerWeek,40
122,Country,United-States
122,Income,LessThan50K
123,Age,31-50
123,Workclass,Private
123,Education,HS-grad
123,Maritalstatus,Divorced
123,Occupation,Adm-clerical
123,Relationship,Unmarried
123,Race,White
123,Sex,Female
123,HoursPerWeek,40
123,Country,United-States
123,Income,LessThan50K
124,Age,22-30
124,Workclass,Self-emp-not-inc
124,Education,HS-grad
124,Maritalstatus,Married-civ-spouse
124,Occupation,Prof-specialty
124,Relationship,Husband
124,Race,White
124,Sex,Male
124,HoursPerWeek,50
124,Country,United-States
124,Income,MoreThan50K
125,Age,>50
125,Workclass,Private
125,Education,Some-college
125,Maritalstatus,Married-civ-spouse
125,Occupation,Transport-moving
125,Relationship,Husband
125,Race,White
125,Sex,Male
125,HoursPerWeek,30
125,Country,Mexico
125,Income,LessThan50K
126,Age,31-50
126,Workclass,Private
126,Education,10th
126,Maritalstatus,Never-married
126,Occupation,Handlers-cleaners
126,Relationship,Not-in-family
126,Race,White
126,Sex,Female
126,HoursPerWeek,34
126,Country,United-States
126,Income,LessThan50K
127,Age,31-50
127,Workclass,Private
127,Education,HS-grad
127,Maritalstatus,Married-civ-spouse
127,Occupation,Adm-clerical
127,Relationship,Wife
127,Race,White
127,Sex,Female
127,HoursPerWeek,40
127,Country,United-States
127,Income,MoreThan50K
128,Age,>50
128,Workclass,Private
128,Education,Bachelors
128,Maritalstatus,Separated
128,Occupation,Prof-specialty
128,Relationship,Not-in-family
128,Race,White
128,Sex,Male
128,HoursPerWeek,40
128,Country,United-States
128,Income,LessThan50K
129,Age,31-50
129,Workclass,Self-emp-not-inc
129,Education,Assoc-voc
129,Maritalstatus,Married-civ-spouse
129,Occupation,Transport-moving
129,Relationship,Husband
129,Race,White
129,Sex,Male
129,HoursPerWeek,70
129,Country,United-States
129,Income,MoreThan50K
130,Age,31-50
130,Workclass,Private
130,Education,Assoc-voc
130,Maritalstatus,Married-civ-spouse
130,Occupation,Prof-specialty
130,Relationship,Husband
130,Race,White
130,Sex,Male
130,HoursPerWeek,40
130,Country,Japan
130,Income,LessThan50K
131,Age,31-50
131,Workclass,Private
131,Education,Some-college
131,Maritalstatus,Married-civ-spouse
131,Occupation,Exec-managerial
131,Relationship,Husband
131,Race,White
131,Sex,Male
131,HoursPerWeek,50
131,Country,United-States
131,Income,MoreThan50K
132,Age,22-30
132,Workclass,Private
132,Education,Assoc-voc
132,Maritalstatus,Married-civ-spouse
132,Occupation,Craft-repair
132,Relationship,Husband
132,Race,White
132,Sex,Male
132,HoursPerWeek,40
132,Country,United-States
132,Income,LessThan50K
133,Age,31-50
133,Workclass,Private
133,Education,Some-college
133,Maritalstatus,Married-civ-spouse
133,Occupation,Machine-op-inspct
133,Relationship,Husband
133,Race,White
133,Sex,Male
133,HoursPerWeek,37
133,Country,United-States
133,Income,LessThan50K
134,Age,22-30
134,Workclass,Private
134,Education,HS-grad
134,Maritalstatus,Married-civ-spouse
134,Occupation,Exec-managerial
134,Relationship,Wife
134,Race,White
134,Sex,Female
134,HoursPerWeek,40
134,Country,Outlying-US(Guam-USVI-etc)
134,Income,LessThan50K
135,Age,31-50
135,Workclass,Private
135,Education,Bachelors
135,Maritalstatus,Married-civ-spouse
135,Occupation,Machine-op-inspct
135,Relationship,Husband
135,Race,White
135,Sex,Male
135,HoursPerWeek,40
135,Country,?
135,Income,LessThan50K
136,Age,22-30
136,Workclass,Private
136,Education,Bachelors
136,Maritalstatus,Never-married
136,Occupation,Exec-managerial
136,Relationship,Not-in-family
136,Race,White
136,Sex,Female
136,HoursPerWeek,55
136,Country,United-States
136,Income,LessThan50K
137,Age,31-50
137,Workclass,Private
137,Education,Some-college
137,Maritalstatus,Separated
137,Occupation,Sales
137,Relationship,Not-in-family
137,Race,White
137,Sex,Male
137,HoursPerWeek,45
137,Country,United-States
137,Income,LessThan50K
138,Age,31-50
138,Workclass,State-gov
138,Education,Some-college
138,Maritalstatus,Married-civ-spouse
138,Occupation,Prof-specialty
138,Relationship,Wife
138,Race,White
138,Sex,Female
138,HoursPerWeek,40
138,Country,United-States
138,Income,MoreThan50K
139,Age,31-50
139,Workclass,Private
139,Education,HS-grad
139,Maritalstatus,Married-civ-spouse
139,Occupation,Transport-moving
139,Relationship,Husband
139,Race,White
139,Sex,Male
139,HoursPerWeek,40
139,Country,United-States
139,Income,LessThan50K
140,Age,22-30
140,Workclass,Private
140,Education,Bachelors
140,Maritalstatus,Never-married
140,Occupation,Machine-op-inspct
140,Relationship,Not-in-family
140,Race,White
140,Sex,Female
140,HoursPerWeek,40
140,Country,United-States
140,Income,LessThan50K
141,Age,31-50
141,Workclass,Local-gov
141,Education,Assoc-acdm
141,Maritalstatus,Divorced
141,Occupation,Protective-serv
141,Relationship,Not-in-family
141,Race,Asian-Pac-Islander
141,Sex,Male
141,HoursPerWeek,48
141,Country,United-States
141,Income,MoreThan50K
142,Age,22-30
142,Workclass,Private
142,Education,HS-grad
142,Maritalstatus,Never-married
142,Occupation,Other-service
142,Relationship,Unmarried
142,Race,White
142,Sex,Female
142,HoursPerWeek,40
142,Country,Mexico
142,Income,LessThan50K
143,Age,31-50
143,Workclass,Private
143,Education,HS-grad
143,Maritalstatus,Married-civ-spouse
143,Occupation,Machine-op-inspct
143,Relationship,Husband
143,Race,Black
143,Sex,Male
143,HoursPerWeek,40
143,Country,United-States
143,Income,LessThan50K
144,Age,31-50
144,Workclass,Private
144,Education,HS-grad
144,Maritalstatus,Married-civ-spouse
144,Occupation,Machine-op-inspct
144,Relationship,Husband
144,Race,Black
144,Sex,Male
144,HoursPerWeek,35
144,Country,United-States
144,Income,LessThan50K
145,Age,22-30
145,Workclass,Self-emp-not-inc
145,Education,Masters
145,Maritalstatus,Never-married
145,Occupation,Prof-specialty
145,Relationship,Not-in-family
145,Race,White
145,Sex,Male
145,HoursPerWeek,40
145,Country,United-States
145,Income,MoreThan50K
146,Age,31-50
146,Workclass,Private
146,Education,Bachelors
146,Maritalstatus,Married-civ-spouse
146,Occupation,Farming-fishing
146,Relationship,Husband
146,Race,White
146,Sex,Male
146,HoursPerWeek,45
146,Country,United-States
146,Income,LessThan50K
147,Age,31-50
147,Workclass,Federal-gov
147,Education,Some-college
147,Maritalstatus,Married-civ-spouse
147,Occupation,Craft-repair
147,Relationship,Husband
147,Race,White
147,Sex,Male
147,HoursPerWeek,45
147,Country,United-States
147,Income,MoreThan50K
148,Age,31-50
148,Workclass,State-gov
148,Education,Masters
148,Maritalstatus,Married-civ-spouse
148,Occupation,Prof-specialty
148,Relationship,Husband
148,Race,Asian-Pac-Islander
148,Sex,Male
148,HoursPerWeek,18-21
148,Country,China
148,Income,LessThan50K
149,Age,18-21
149,Workclass,Private
149,Education,HS-grad
149,Maritalstatus,Never-married
149,Occupation,Handlers-cleaners
149,Relationship,Own-child
149,Race,White
149,Sex,Male
149,HoursPerWeek,22
149,Country,United-States
149,Income,LessThan50K
150,Age,31-50
150,Workclass,Private
150,Education,HS-grad
150,Maritalstatus,Married-civ-spouse
150,Occupation,Craft-repair
150,Relationship,Husband
150,Race,White
150,Sex,Male
150,HoursPerWeek,40
150,Country,United-States
150,Income,MoreThan50K
151,Age,31-50
151,Workclass,Self-emp-inc
151,Education,Prof-school
151,Maritalstatus,Married-civ-spouse
151,Occupation,Prof-specialty
151,Relationship,Husband
151,Race,White
151,Sex,Male
151,HoursPerWeek,55
151,Country,United-States
151,Income,MoreThan50K
152,Age,31-50
152,Workclass,Local-gov
152,Education,Bachelors
152,Maritalstatus,Never-married
152,Occupation,Prof-specialty
152,Relationship,Not-in-family
152,Race,White
152,Sex,Female
152,HoursPerWeek,55
152,Country,United-States
152,Income,LessThan50K
153,Age,>50
153,Workclass,Private
153,Education,Bachelors
153,Maritalstatus,Married-civ-spouse
153,Occupation,Transport-moving
153,Relationship,Husband
153,Race,White
153,Sex,Male
153,HoursPerWeek,60
153,Country,United-States
153,Income,MoreThan50K
154,Age,31-50
154,Workclass,Private
154,Education,HS-grad
154,Maritalstatus,Never-married
154,Occupation,Other-service
154,Relationship,Not-in-family
154,Race,White
154,Sex,Female
154,HoursPerWeek,35
154,Country,United-States
154,Income,LessThan50K
155,Age,>50
155,Workclass,Private
155,Education,7th-8th
155,Maritalstatus,Widowed
155,Occupation,Machine-op-inspct
155,Relationship,Not-in-family
155,Race,White
155,Sex,Female
155,HoursPerWeek,18-21
155,Country,United-States
155,Income,LessThan50K
156,Age,31-50
156,Workclass,Private
156,Education,Some-college
156,Maritalstatus,Divorced
156,Occupation,Adm-clerical
156,Relationship,Unmarried
156,Race,Black
156,Sex,Female
156,HoursPerWeek,35
156,Country,Trinadad&Tobago
156,Income,LessThan50K
157,Age,31-50
157,Workclass,Private
157,Education,Assoc-voc
157,Maritalstatus,Divorced
157,Occupation,Other-service
157,Relationship,Unmarried
157,Race,White
157,Sex,Female
157,HoursPerWeek,18-21
157,Country,United-States
157,Income,LessThan50K
158,Age,18-21
158,Workclass,Private
158,Education,11th
158,Maritalstatus,Never-married
158,Occupation,Adm-clerical
158,Relationship,Own-child
158,Race,White
158,Sex,Female
158,HoursPerWeek,15
158,Country,United-States
158,Income,LessThan50K
159,Age,18-21
159,Workclass,?
159,Education,Some-college
159,Maritalstatus,Never-married
159,Occupation,?
159,Relationship,Own-child
159,Race,White
159,Sex,Female
159,HoursPerWeek,30
159,Country,United-States
159,Income,LessThan50K
160,Age,18-21
160,Workclass,Private
160,Education,Some-college
160,Maritalstatus,Never-married
160,Occupation,Sales
160,Relationship,Own-child
160,Race,White
160,Sex,Female
160,HoursPerWeek,55
160,Country,United-States
160,Income,LessThan50K
161,Age,31-50
161,Workclass,Private
161,Education,Bachelors
161,Maritalstatus,Divorced
161,Occupation,Sales
161,Relationship,Not-in-family
161,Race,White
161,Sex,Female
161,HoursPerWeek,70
161,Country,United-States
161,Income,MoreThan50K
162,Age,18-21
162,Workclass,Private
162,Education,Some-college
162,Maritalstatus,Never-married
162,Occupation,Other-service
162,Relationship,Own-child
162,Race,White
162,Sex,Male
162,HoursPerWeek,18-21
162,Country,United-States
162,Income,LessThan50K
163,Age,18-21
163,Workclass,Private
163,Education,Some-college
163,Maritalstatus,Never-married
163,Occupation,Prof-specialty
163,Relationship,Own-child
163,Race,White
163,Sex,Male
163,HoursPerWeek,40
163,Country,United-States
163,Income,LessThan50K
164,Age,31-50
164,Workclass,Private
164,Education,Masters
164,Maritalstatus,Never-married
164,Occupation,Exec-managerial
164,Relationship,Not-in-family
164,Race,White
164,Sex,Male
164,HoursPerWeek,40
164,Country,United-States
164,Income,LessThan50K
165,Age,>50
165,Workclass,Private
165,Education,Bachelors
165,Maritalstatus,Married-civ-spouse
165,Occupation,Adm-clerical
165,Relationship,Husband
165,Race,White
165,Sex,Male
165,HoursPerWeek,50
165,Country,United-States
165,Income,LessThan50K
166,Age,31-50
166,Workclass,Private
166,Education,HS-grad
166,Maritalstatus,Married-civ-spouse
166,Occupation,Craft-repair
166,Relationship,Husband
166,Race,White
166,Sex,Male
166,HoursPerWeek,40
166,Country,United-States
166,Income,LessThan50K
167,Age,31-50
167,Workclass,Private
167,Education,9th
167,Maritalstatus,Married-civ-spouse
167,Occupation,Machine-op-inspct
167,Relationship,Wife
167,Race,Black
167,Sex,Female
167,HoursPerWeek,48
167,Country,United-States
167,Income,LessThan50K
168,Age,31-50
168,Workclass,Private
168,Education,Bachelors
168,Maritalstatus,Married-civ-spouse
168,Occupation,Farming-fishing
168,Relationship,Husband
168,Race,White
168,Sex,Male
168,HoursPerWeek,45
168,Country,United-States
168,Income,MoreThan50K
169,Age,31-50
169,Workclass,Private
169,Education,10th
169,Maritalstatus,Never-married
169,Occupation,Other-service
169,Relationship,Unmarried
169,Race,Black
169,Sex,Female
169,HoursPerWeek,40
169,Country,United-States
169,Income,LessThan50K
170,Age,31-50
170,Workclass,Private
170,Education,HS-grad
170,Maritalstatus,Never-married
170,Occupation,Adm-clerical
170,Relationship,Not-in-family
170,Race,White
170,Sex,Male
170,HoursPerWeek,40
170,Country,United-States
170,Income,LessThan50K
171,Age,18-21
171,Workclass,State-gov
171,Education,HS-grad
171,Maritalstatus,Never-married
171,Occupation,Transport-moving
171,Relationship,Own-child
171,Race,White
171,Sex,Male
171,HoursPerWeek,40
171,Country,United-States
171,Income,LessThan50K
172,Age,>50
172,Workclass,Federal-gov
172,Education,Bachelors
172,Maritalstatus,Married-civ-spouse
172,Occupation,Prof-specialty
172,Relationship,Husband
172,Race,White
172,Sex,Male
172,HoursPerWeek,40
172,Country,United-States
172,Income,MoreThan50K
173,Age,31-50
173,Workclass,Private
173,Education,Assoc-acdm
173,Maritalstatus,Divorced
173,Occupation,Transport-moving
173,Relationship,Not-in-family
173,Race,Black
173,Sex,Male
173,HoursPerWeek,40
173,Country,United-States
173,Income,LessThan50K
174,Age,22-30
174,Workclass,Private
174,Education,HS-grad
174,Maritalstatus,Never-married
174,Occupation,Machine-op-inspct
174,Relationship,Not-in-family
174,Race,White
174,Sex,Female
174,HoursPerWeek,40
174,Country,United-States
174,Income,LessThan50K
175,Age,31-50
175,Workclass,Private
175,Education,10th
175,Maritalstatus,Married-civ-spouse
175,Occupation,Transport-moving
175,Relationship,Husband
175,Race,White
175,Sex,Male
175,HoursPerWeek,40
175,Country,United-States
175,Income,MoreThan50K
176,Age,31-50
176,Workclass,Self-emp-not-inc
176,Education,Assoc-acdm
176,Maritalstatus,Never-married
176,Occupation,Sales
176,Relationship,Not-in-family
176,Race,White
176,Sex,Male
176,HoursPerWeek,80
176,Country,United-States
176,Income,LessThan50K
177,Age,31-50
177,Workclass,Private
177,Education,Prof-school
177,Maritalstatus,Divorced
177,Occupation,Prof-specialty
177,Relationship,Unmarried
177,Race,White
177,Sex,Female
177,HoursPerWeek,35
177,Country,United-States
177,Income,MoreThan50K
178,Age,18-21
178,Workclass,Self-emp-not-inc
178,Education,HS-grad
178,Maritalstatus,Never-married
178,Occupation,Farming-fishing
178,Relationship,Own-child
178,Race,White
178,Sex,Male
178,HoursPerWeek,25
178,Country,United-States
178,Income,LessThan50K
179,Age,22-30
179,Workclass,Private
179,Education,Bachelors
179,Maritalstatus,Never-married
179,Occupation,Adm-clerical
179,Relationship,Not-in-family
179,Race,Asian-Pac-Islander
179,Sex,Female
179,HoursPerWeek,40
179,Country,Philippines
179,Income,LessThan50K
180,Age,<18
180,Workclass,Self-emp-not-inc
180,Education,10th
180,Maritalstatus,Never-married
180,Occupation,Adm-clerical
180,Relationship,Own-child
180,Race,White
180,Sex,Male
180,HoursPerWeek,10
180,Country,United-States
180,Income,LessThan50K
181,Age,22-30
181,Workclass,State-gov
181,Education,Some-college
181,Maritalstatus,Never-married
181,Occupation,Protective-serv
181,Relationship,Own-child
181,Race,White
181,Sex,Male
181,HoursPerWeek,40
181,Country,United-States
181,Income,LessThan50K
182,Age,31-50
182,Workclass,Private
182,Education,HS-grad
182,Maritalstatus,Divorced
182,Occupation,Other-service
182,Relationship,Own-child
182,Race,White
182,Sex,Female
182,HoursPerWeek,40
182,Country,United-States
182,Income,LessThan50K
183,Age,31-50
183,Workclass,Private
183,Education,Some-college
183,Maritalstatus,Married-civ-spouse
183,Occupation,Sales
183,Relationship,Husband
183,Race,White
183,Sex,Male
183,HoursPerWeek,25
183,Country,United-States
183,Income,MoreThan50K
184,Age,18-21
184,Workclass,?
184,Education,Some-college
184,Maritalstatus,Never-married
184,Occupation,?
184,Relationship,Own-child
184,Race,White
184,Sex,Female
184,HoursPerWeek,30
184,Country,United-States
184,Income,LessThan50K
185,Age,31-50
185,Workclass,Private
185,Education,11th
185,Maritalstatus,Never-married
185,Occupation,Craft-repair
185,Relationship,Not-in-family
185,Race,White
185,Sex,Male
185,HoursPerWeek,40
185,Country,United-States
185,Income,LessThan50K
186,Age,22-30
186,Workclass,Private
186,Education,Bachelors
186,Maritalstatus,Never-married
186,Occupation,Prof-specialty
186,Relationship,Own-child
186,Race,White
186,Sex,Female
186,HoursPerWeek,15
186,Country,United-States
186,Income,LessThan50K
187,Age,>50
187,Workclass,Local-gov
187,Education,HS-grad
187,Maritalstatus,Married-civ-spouse
187,Occupation,Other-service
187,Relationship,Husband
187,Race,White
187,Sex,Male
187,HoursPerWeek,40
187,Country,United-States
187,Income,LessThan50K
188,Age,31-50
188,Workclass,Self-emp-not-inc
188,Education,Prof-school
188,Maritalstatus,Married-civ-spouse
188,Occupation,Prof-specialty
188,Relationship,Husband
188,Race,White
188,Sex,Male
188,HoursPerWeek,45
188,Country,United-States
188,Income,MoreThan50K
189,Age,>50
189,Workclass,?
189,Education,10th
189,Maritalstatus,Widowed
189,Occupation,?
189,Relationship,Other-relative
189,Race,Asian-Pac-Islander
189,Sex,Female
189,HoursPerWeek,1
189,Country,China
189,Income,LessThan50K
190,Age,31-50
190,Workclass,Private
190,Education,Bachelors
190,Maritalstatus,Never-married
190,Occupation,Adm-clerical
190,Relationship,Not-in-family
190,Race,White
190,Sex,Male
190,HoursPerWeek,40
190,Country,United-States
190,Income,LessThan50K
191,Age,31-50
191,Workclass,Private
191,Education,Masters
191,Maritalstatus,Married-civ-spouse
191,Occupation,Prof-specialty
191,Relationship,Husband
191,Race,White
191,Sex,Male
191,HoursPerWeek,40
191,Country,United-States
191,Income,MoreThan50K
192,Age,22-30
192,Workclass,Private
192,Education,10th
192,Maritalstatus,Married-civ-spouse
192,Occupation,Handlers-cleaners
192,Relationship,Husband
192,Race,White
192,Sex,Male
192,HoursPerWeek,40
192,Country,United-States
192,Income,LessThan50K
193,Age,31-50
193,Workclass,Private
193,Education,Some-college
193,Maritalstatus,Married-civ-spouse
193,Occupation,Exec-managerial
193,Relationship,Wife
193,Race,White
193,Sex,Female
193,HoursPerWeek,55
193,Country,United-States
193,Income,LessThan50K
194,Age,>50
194,Workclass,Self-emp-inc
194,Education,Prof-school
194,Maritalstatus,Married-civ-spouse
194,Occupation,Prof-specialty
194,Relationship,Husband
194,Race,White
194,Sex,Male
194,HoursPerWeek,50
194,Country,United-States
194,Income,MoreThan50K
195,Age,22-30
195,Workclass,Private
195,Education,HS-grad
195,Maritalstatus,Married-civ-spouse
195,Occupation,Craft-repair
195,Relationship,Husband
195,Race,White
195,Sex,Male
195,HoursPerWeek,50
195,Country,United-States
195,Income,MoreThan50K
196,Age,>50
196,Workclass,?
196,Education,Some-college
196,Maritalstatus,Widowed
196,Occupation,?
196,Relationship,Not-in-family
196,Race,Amer-Indian-Eskimo
196,Sex,Male
196,HoursPerWeek,3
196,Country,United-States
196,Income,LessThan50K
197,Age,31-50
197,Workclass,Private
197,Education,Bachelors
197,Maritalstatus,Married-civ-spouse
197,Occupation,Prof-specialty
197,Relationship,Husband
197,Race,Asian-Pac-Islander
197,Sex,Male
197,HoursPerWeek,40
197,Country,Philippines
197,Income,MoreThan50K
198,Age,31-50
198,Workclass,Private
198,Education,HS-grad
198,Maritalstatus,Married-civ-spouse
198,Occupation,Prof-specialty
198,Relationship,Husband
198,Race,White
198,Sex,Male
198,HoursPerWeek,40
198,Country,United-States
198,Income,LessThan50K
199,Age,18-21
199,Workclass,Private
199,Education,HS-grad
199,Maritalstatus,Never-married
199,Occupation,Other-service
199,Relationship,Own-child
199,Race,White
199,Sex,Male
199,HoursPerWeek,25
199,Country,Canada
199,Income,LessThan50K